ISO,country_name,department,city,year,publishers,book_title,synopsis,author,nationality,author_picture,link_ref
FRA,France,,Paris,1984,Arcantère,Le voile mis à nu,"Univers de femmes à fleur de corps, de nudité. Femme de là-bas, derrière l’espace d’une sensualité osée, s’éclôt une légende. La douleur, dans quel monde l’être aimé n’est plus interdit. La quête se poursuit, même si le sol et la mémoire se dérobent sous ses pas, un langage inoubliable, une œuvre maîtresse sur ce qu’aucune femme maghrébine n’a jamais osé dire par l’écrit. Le voile de la vérité s’entrouvre le temps d’une lecture.",Badia Hadj Nasser,Maroc,https://mediatheque.seine-et-marne.fr/sites/mediatheque.seine-et-marne.fr/files/styles/img__150x216__crop_main/public/media/images/badiahadjnasser.jpg?itok=mQDnbGmf,https://www.amazon.fr/Voile-mis-%C3%A0-nu-ebook/dp/B01BW5EWNW
MAR,Maroc,,Casablanca,2013,Empreintes,Amoureuses,"Ce recueil de textes intenses et audacieux, mêlant prose et poésie, est dédié à l’amour amoureux. Un sentiment délicatement peint dans toutes ses facettes, ses clartés et ses zones d’ombres. Neuf femmes radicalement différentes parlent et vivent d’amour.",Siham Benchekroun,Maroc,https://upload.wikimedia.org/wikipedia/commons/thumb/2/2e/Photo_Siham-1_petite.jpg/800px-Photo_Siham-1_petite.jpg,http://www.sihambenchekroun.com/amoureuses
MAR,Maroc,,Casablanca,2013,La Croisée Des Chemins,Au café des faits divers,"Accroché à Yvan, Sofia regarde le citronnier d’un air absent. Barbara allume une cigarette. Tous ces silences. Que savent-ils vraiment de Yéyé ? Et que savent-ils tous vraiment d’elle ? S’agite, fébrile. Hésite. Tire sur sa Parisienne sans filtre. Regarde la pluie. Se tourne vers eux. Hésite… mais… Tous ces silences, assassins, tire sur sa cigarette, hésite, les regarde, laisse échapper dans un profond soupir cette phrase frémissante comme un battement d’ailes. J’ai quelque chose à vous dire. Se tourne vers la vitre, regarde tomber la pluie… Plus tard… Pas ici… Pas maintenant.",Bouthaïna Azami,Maroc,,https://lacroiseedeschemins.ma/produit/au-cafe-des-faits-divers/
MAR,Maroc,,Casablanca,2013,La Croisée Des Chemins,Parlez-moi d’amour,"Je l’ai rencontrée sur Facebook. Tous les deux geeks et paranos, nous affichions des profils sous pseudos. j’étais Vulva Cochonne de l’Espace et elle capitaine Flam (…) de commentaires en tchats, nous avons fini par dévoiler nos identités respectives et tomber amoureux l’un de l’autre sans nous connaître. Agrégée de philosophie, elle a commencé par m’impressionner avec ses longues tirades lyriques, bourées de références, son éloquence verbale pour développer un raisonnement aussi foireux soit-il, et son mépris des conventions. j’ai toujours été un réfractaire. Génération Punk, no future, j’écoutais en boucle les Sex Pistols, et avais un profond mépris pour l’humanité et ses conformismes bourgeois. Marion, quant à elle fait partie de la génération Mangas, autrement plus complexe, c’est une bishojo passionnée par les jeux vidéo. Biberonnée à la Nintendo et à la play station, les stratégies n’ont pas de secrets pour elle. Nous avons en commun le cynisme sous-jacent à l’esprit de nos deux générations, Nietzche, un côté destroy que nous cultivons un peu pour le look, beaucoup par désespoir. (…)",Bahaa Trabelsi,Maroc,,https://lacroiseedeschemins.ma/produit/parlez-moi-damour/
FRA,France,,Paris,2019,Grasset,Rouge Impératrice,"Le lieu : Katiopa, un continent africain prospère et autarcique, presque entièrement unifié, comme de futurs Etats-Unis d’Afrique, où les Sinistrés de la vieille Europe sont venus trouver refuge. L’époque : un peu plus d’un siècle après le nôtre. Tout commence par une histoire d’amour entre Boya, qui enseigne à l’université, et Illunga, le chef de l’Etat. Une histoire interdite, contre-nature, et qui menace de devenir une affaire d’Etat. Car Boya s’est rapprochée, par ses recherches, des Fulasi, descendants d’immigrés français qui avaient quitté leur pays au cours du XXIème siècle, s’estimant envahis par les migrants. Afin de préserver leur identité européenne, certains s’étaient dirigés vers le pré carré subsaharien où l’on parlait leur langue, où ils étaient encore révérés et où ils pouvaient vivre entre eux. Mais leur descendance ne jouit plus de son pouvoir d’antan : appauvrie et dépassée, elle s’est repliée sur son identité. Le chef de l’Etat, comme son Ministre de l’intérieur et de la défense, sont partisans d’expulser ces populations inassimilables, auxquelles Boya préconise de tendre la main. La rouge impératrice, ayant ravi le cœur de celui qui fut un des acteurs les plus éminents de la libération, va-t-elle en plus désarmer sa main ? Pour les « durs » du régime, il faut à tout prix séparer ce couple…",Léonora Miano,Cameroun,,https://www.grasset.fr/livres/rouge-imperatrice-9782246813606
FRA,France,,Paris,2016,Grasset,Crépuscule du Tourment,"De nos jours, quelque part en Afrique subsaharienne, au Cameroun peut-être, quatre femmes s’adressent successivement au même homme : sa mère, la femme à laquelle il a tourné le dos parce qu’il l’aimait trop et mal, celle qui partage sa vie parce qu’il n’en est pas épris, sa sœur enfin. À celui qui ne les entend pas, toutes dévoilent leur vie intime, relatant parfois les mêmes épisodes d’un point de vue différent. Chacune fait entendre un phrasé particulier, une culture et une sensibilité propres. Elles ont en commun, néanmoins, une blessure secrète : une ascendance inavouable, un tourment identitaire reçu en héritage, une difficulté à habiter leur féminité… Les épiphanies de la sexualité côtoient, dans leurs récits, des propos sur la grande histoire qui, sans cesse, se glisse dans la petite. D’une magnifique sensualité, ce roman choral, porté par une langue sculptée en orfèvre, restitue un monde d’autant plus mystérieux qu’il nous est étranger… et d’autant plus familier qu’il est universel.",Léonora Miano,Cameroun,,https://www.grasset.fr/livres/crepuscule-du-tourment-9782246854142
CAN,Canada,,Montréal,2016,La Semaine,Clinique Valrose - Tome 2 - L'enfant tel un jouet brisé,"Dans ce deuxième tome de Clinique Valrose, les esprits doivent faire face aux nouvelles réalités : les femmes médecins sont plus nombreuses que leurs collègues masculins et alors que certaines sont lesbiennes ou voilées, d'autres soignent leurs patients à l'aide de granules homéopathiques. Autour de cette réalité qui représente bien la société, les quatre propriétaires de la clinique continuent à étonner : Mathieu Crevier rencontre des écueils amoureux insurmontables, Fabienne Lanthier vit ses amours à distance, Mélissa O'Brien songe à l'adoption et Benoît Raymond vit le pire de tous les drames. Aussi, afin d'offrir à la population de Sainte-Marie tous les services d'une polyclinique, la clinique Valrose voit sa surface doubler et accueillir des médecins spécialistes. Mais l'intrigue de ce deuxième tome repose principalement sur les enfants qui naissent avec le VIH, la vie en Haïti depuis le séisme de 2012 et les beautés saisissantes de ce joyau des Antilles.",Francine Allard,Canada,,https://emprunt.bibliothequedesameriques.com/resources/582c62d423579459efdc15c9
CAN,Canada,,Montréal,2016,Druide,"Anna, salle d'attente","Anna a vingt-sept ans et n’a pas rencontré le grand amour. Elle saute quelques étapes dans son existence de jeune lesbienne et décide d’entrer dans la course à la maternité. Michaëlle, une globetrotteuse volage, vient bouleverser ses plans. C’est le coup de foudre. Anna tombe de haut et se voit confrontée à une décision douloureuse : nourrir son affection pour Michaëlle ou poursuivre son rêve parental. Dans le doute, Anna préfère une troisième option : elle abandonne les inséminations, opte pour l’adoption, puis s’acharne à transformer son amante en épouse fidèle. Les rêves d’Anna volent en éclats. De crise en crise, Anna tente de sortir de son marasme, mais s’enfonce dans la dépression. Anna troque une salle d’attente pour une autre.",Emmanuelle Cornu,Canada,,https://emprunt.bibliothequedesameriques.com/resources/56a8d7e05f2f74ace2ab2594
CAN,Canada,,Boucherville,2013,De Mortagne,Coming out 15,"C'est officiel, Léa sort avec Frédérique. Après une nuit de rêve dans un hôtel luxueux, elle redescend toutefois de son nuage. Alexis et Ariane, ses deux meilleurs amis, ont découvert qu'elle était lesbienne. Elle doit tout leur avouer… Maia pas question de le dire à ses parents! Craignant que son secret soit dévoilé au grand jour et déçue par la réaction démesurée d'Ariane, Léa décide de renoncer à l'amour de Fred. Un an et demi plus tard, elle fait la rencontre d'Anne, qui devient sa nouvelle copine. Aussitôt, les cachotteries recommencent. Mais Léa n'en peut plus d'inventer des histoires… Une importante décision s'impose à elle : il est grand temps de faire son coming out! Armée de courage et du soutien d'Alexis, Léa élabore un plan pour parler à ses parents. Comment réagiront-ils? Seront-ils déçus? Choqués? Anne, de son côté, réussira-t-elle à se confier aux siens? Son père, cet ignoble homophobe, acceptera-t-il sa fille comme elle est? Vivre sans le silence n'est pas simple et les deux jeunes femmes apprendront que malgré les conséquences, admettre qui l'on est procure un immense sentiment de liberté.",Kim Messier,Canada,,https://emprunt.bibliothequedesameriques.com/resources/53431c4c1dab10c29731a327
CAN,Canada,,Montréal,2016,Libre Expression,"La Fille dans le placard, tome 1 + tome 2","À quelques heures de son mariage, Maxime Lafleur (oui, c'est bien une fille !) revient sur des passages turbulents de sa vie amoureuse. Frencheuse compulsive, elle recherchait à l'époque le candidat qui lui ferait ressentir les fameux papillons. Lors d'un voyage d'études, elle découvre que son prince charmant pourrait en fait être une princesse, car elle pense éprouver des sentiments pour sa meilleure amie, Carrie. L'idée qu'elle pourrait être lesbienne la tourmente. Elle n'avait pas envisagé un tel scénario… Pour oublier, elle multiplie les conquêtes masculines. À une fête, elle fait la connaissance d'une jolie pompière qui sème à nouveau le doute dans son esprit. Confuse, Maxime cherche à obtenir des réponses par tous les moyens. En cours de route, elle fera toutes sortes de rencontres ; dans la vie, rien n'arrive pour rien… Le jour de ses noces, elle repense à ce cheminement amoureux. Est-elle sortie du placard ? D'ailleurs, qui s'apprête-t-elle à épouser ?",Chantal Brunette,Canada,,https://emprunt.bibliothequedesameriques.com/resources/570f041928e89ed4dc794824
CAN,Canada,,Montréal,2011,Typo,Baiser vertige,"Pour la première fois, voici réunis en une anthologie des textes québécois de poésie et de prose qui font écho aux amours et à la solitude gaies, à la révolte et aux rêves lesbiens. Animés de colère ou de mélancolie, d’amour fou ou de peine vive, vingt-neuf auteurs donnent à lire, dans un croisement d’époques et de générations, l’enfance, le plaisir, le désir et la perte. Baiser vertige permet ainsi de découvrir sous un angle nouveau une part importante de la littérature québécoise. Baiser vertige contient des textes de Anne-Marie Alonzo, Martine Audet, Germaine Beaulieu, Louky Bersianik, Marie-Claire Blais, Louise Bouchard, Nicole Brossard, Jean Chapdelaine Gagnon, Jean-Paul Daoust, Gilles Devault, Gaëtan Dostie, Gloria Escomel, Robbert Fortin, Gérald Gaudet, Gilles Jobidon, Marie Lafleur, Paul Chanel Malenfant, Alain Bernard Marchand, Jovette Marchessault, André Martin, Erín Moure, André Roy, Pierre Salducci, Pierre Samson, Gail Scott, Nathalie Stephens, Michel Tremblay, Lise Vaillancourt, Marc Vaillancourt.",Nicole Brossard,Canada,,https://emprunt.bibliothequedesameriques.com/resources/55d38b24cdd23087a9793a9e
CAN,Canada,,Ottawa,2011,Les éditions Du Vermillon,L'ombre des fantômes,"Les nouvelles de L’ombre des fantômes sont inspirées de faits vécus. Elles mettent en lumière des problèmes existentiels qui occupent l’esprit de millions de personnes : disparition d'un enfant, monde interlope, vie après la mort, suicide et maladie mentale, crise d'identité religieuse, agressions verbales, physiques, sexuelles, abandon, obésité, vécu des homosexuels, hommes ou femmes.",Lise Bédard,Canada,,https://emprunt.bibliothequedesameriques.com/resources/5268201a1dab10c29730694b
CAN,Canada,,Montréal,2017,À l’étage,Jeanne,"Père de famille bienveillant et travailleur apprécié de tous, Jean ne peut plus ignorer une pensée tenaillante : il est une femme. Sa décision entraîne des réactions vives de la part de sa femme, sa mère, ses enfants, en plus de ses collègues de travail. Le prix à payer est beaucoup plus élevé que prévu. Mais, pour une fois, la vie de Jeanne passera avant celle des autres, malgré les peines, les doutes et les conflits. Une histoire touchante portée par une écriture fougueuse, Jeanne pose un regard d’une grande justesse sur le difficile processus de changement d’identité sexuelle.",Sophie Bouchard,Canada,,https://emprunt.bibliothequedesameriques.com/resources/58dc00ab2357946d50ef22c5
CAN,Canada,,Ottawa,2012,David,Petites chroniques identitaires,"L’arrivée au Canada d’une jeune orpheline indienne, la prise de conscience d’un adolescent de son homosexualité, le dilemme d’une étudiante canadienne d’origine musulmane qui doit choisir si elle portera ou non le hijab, un jeune aveugle forcé d’accepter sa différence, un garçon à la découverte de ses origines congolaises, des filles et des garçons qui se cherchent et qui questionnent leur avenir... Autant d’expériences et de parcours qui ont inspiré les élèves dans la rédaction de ces courts textes de fiction. Les récits réunis dans ce recueil explorent différentes facettes de l’identité, qu’elle soit d’ordre culturel, religieux, physique, sexuel... en traitant des grands thèmes tels l’exil, le déracinement, le choc des différences, la connaissance et l’acceptation de soi et de l’Autre. Surtout, ces Petites chroniques identitaires témoignent de la prise de conscience et de l’affirmation des jeunes par rapport à leur identité et leur appartenance à un groupe.",Collectif d’élèves,Canada,,https://emprunt.bibliothequedesameriques.com/resources/5268201a1dab10c297306a89
FRA,France,Martinique,Ducos,2009,Ibis Rouge,Entre l'arbre et l'écorce,"Marquée par les aléas de la vie dès sa plus tendre enfance, Marie-Madeleine choisit de mener sa propre destinée loin des recommandations des uns et des autres. Elle laissait à ceux qui le désiraient cette destinée où tout était basé sur une certaine idée de la morale. Elle ne les enviait pas du tout dans ce dessein qui consistait à avancer ou à reculer surtout, selon des principes établis, rabâchés de mères en filles, de pères en fils, de génération en génération de dirigés. Comme si tout un pays était encore à fond de cale. Morale qui les menait bien prudemment en-deçà de tous les plaisirs de la vie ; ceux qu’ils considéraient vils, vicieux, malsains, impropres, pour avoir introduit les chaînes d’antan au plus profond de leur conscience.Sur fond de faits historique, Entre l’arbre et l’écorce rend hommage à la mémoire collective. Marie-Madeleine donne le « la » au récit avec ses frasques de mâle-femme. Marie-Madeleine que l’on pourrait qualifier, en premier lieu, de libertine, de ravèt roch, de macocote, s’affirme au fil des pages, comme une femme, tout simplement. Une femme avec ses fantasmes, ses amours, ses croyances et ses angoisses. Et puis, quoi d’autre que le mensonge, ce sacré secret de famille, pour tuer l’autre ? Le mensonge, le cœur du mal…Entre l’arbre et l’écorce est au-delà de tout l’histoire d’une stigmatisation du mensonge plutôt que celle de l’inceste et de l’homosexualité montrés aux lecteurs dans un tourbillon des sens.Ce roman est également une satire de la société créole dans laquelle évoluent les personnages de Françoise James Ousénie Loe-Mie.",Françoise James Ousénie Loe-Mie,Guyane Française,,https://emprunt.bibliothequedesameriques.com/resources/5dfd08d1235794129292f5b1
CAN,Canada,,Montréal,2018,Mémoire d'encrier,Un ailleurs à soi,"Tout un peuple se prépare à fuir, s’inventant un ailleurs à défaut d’un avenir. Partir est un mythe auquel personne n’échappe. Au Ayizan, chic restaurant de Pétion-Ville, se font et se défont les voyages. Lucie sert les clients le jour et vend son corps la nuit. Maritou fuit la haine de Jeannette et la pitié de Clémence ses demi-soeurs. Elle vomit son angoisse et sa solitude jusqu’à sa rencontre avec Lucie. Elles s’apprivoisent jusqu’à s’aimer. Un ailleurs à soi, miroir où se tissent illusions et voeux de départ.",Emmelie Prophète,Haïti,,http://memoiredencrier.com/un-ailleurs-a-soi/
FRA,France,Réunion,Vanves,2019,Marabulles,La fille dans l’écran,"Coline vit en France et rêve de devenir illustratrice. En quête d'inspiration, elle contacte Marley, une photographe installée au Canada qui a abandonné sa passion pour une vie sociale trépidante. À 6.000 km de distance, les deux jeunes femmes apprennent à se connaître par messages interposés... Une BD au format unique ! Les vies des deux jeunes femmes se répondent sur les pages en vis-à-vis, dans deux styles graphiques différents : Marley, en couleurs, est dessinée par Lou Lubie, tandis que Coline est en noir et blanc sous le crayon de Manon Desveaux.","Lou Lubie, Manon Desveaux",Réunion et France,,https://www.loulubie.fr/livres/la-fille-dans-lecran
FRA,France,,Paris,2002,Le Livre de Poche,Garçon Manqué,"« Je deviens Brio. Etre la première en tout. Etre un garçon avec la grâce d’une fille. Brio pour toute l’Algérie. Brio contre toute la France. Brio contre mon corps qui me fait de la peine. Brio contre la femme qui dit : Quelle jolie petite fille. Tu t’appelles comment ? Ahmed. Sa surprise. Mon défi. Sa gêne. Ma victoire. Je fais honte au monde entier. Je salis l’enfance. C’est un jeu pervers. C’est un jeu d’enfant. Non, je ne veux pas me marier. Non, je ne laisserai pas mes cheveux longs. Non, je ne marcherai pas comme une fille. Non, je ne suis pas française. »",Nina Bouraoui,Née en France et d'ascendance algérienne,,https://www.livredepoche.com/livre/garcon-manque-9782253152545
CAN,Canada,,Montréal,2015,Titan+,Fé M Fé,"« Je la regarde partir. Je pose la plume sur mon nez. En temps normal, je crois pas que je pourrais tomber en amour avec une fille. Mais une fille qui sauve un pigeon et qui l’appelle Clint, je pense que je vais faire une exception. » C’est un peu le chaos autour de Fé présentement : dans sa famille, dans sa tête, dans son coeur surtout. En fait, si elle cherche ce qui la définit, tout ce qui lui vient en tête, c’est une équation simple mais non résolue : « Fé M Fé ». Une fille qui se demande qui elle est et qui elle aime. Une fille qui aime une fille. C’est simple… ou c’est compliqué?",Amélie Dumoulin,Canada,,https://www.quebec-amerique.com/collections/jeunesse/14-ans-et-plus/titan-14/fe-m-fe-2175
FRA,France,,Paris,2018,Liana Lévi,Désorientale,"Si nous étions en Iran, cette salle d'attente d'hôpital ressemblerait à un caravansérail, songe Kimiâ. Un joyeux foutoir où s'enchaînerait bavardages, confidences et anecdotes en cascade. Née à Téhéran, exilée à Paris depuis ses dix ans, Kimiâ a toujours essayé de tenir à distance son pays, sa culture, sa famille. Mais les djinns échappés du passé la rattrapent pour faire défiler l'étourdissant diaporama de l'histoire des Sadr sur trois générations : les tribulations des ancêtres, une décennie de révolution politique, les chemins de traverse de l'adolescence, l'ivresse du rock, le sourire voyou d'une bassiste blonde ... Une fresque flamboyante sur la mémoire et l'identité ; un grand roman sur l'Iran d'hier et la France d'aujourd'hui.",Négar Djavadi,Irã,,https://www.babelio.com/livres/Djavadi-Desorientale/852415
CAN,Canada,,Montréal,2014,L'Oie de Cravan,J’aime les filles,"Diane Obomsawin (Obom) a un talent de conteuse tout à fait remarquable : son dessin, sa perspective sur les choses de la vie, donnent à ses récits une tendresse, une poésie uniques. Elle a demandé à ses amies, qui comme elle, aiment les filles, quel a été le moment de l’étincelle. On retrouve ici dix récits de dix amies. L’histoire toujours différente du premier amour, du premier baiser, de ce premier moment où elles se sont rendues compte, le cœur battant, qu’elles aimaient les filles. L’art de Obom fait que tout le monde s’y retrouve, peu importe l’orientation sexuelle. Elle parle de cette peur du rejet, de cette passion, de cette confusion des sentiments, que chacun connaît. Le titre, bien sûr, est un clin d’œil à la célèbre chanson de Jacques Dutronc.",Diane Obomsawin,Canada,,https://www.goodreads.com/book/show/22710342-j-aime-les-filles
FRA,France,,Paris,2018,Casterman,Prendre Refuge,"1939, Afghanistan. Autours d’un feu de camp, aux pieds des Bouddhas de Bâmiyân, une voyageuse européenne, Anne-Marie Schwarzenbach, tombe amoureuse d’une archéologue. Cette nuit-là, les deux femmes l’apprennent par la radio, la Seconde Guerre mondiale éclate. 2016, Berlin. Karsten, jeune Allemand qui se passionne pour l’Orient rencontre Nayla, une réfugiée syrienne, dont il s’éprend, malgré leurs différences. A travers ces deux récits entremêlés, deux histoires d’amour atypiques, comme un écho à deux époques complexes, se tissent au fil des pages. Alliant les contraires, rapprochant des êtres qui n’auraient jamais dû se croiser, l’album propose une réflexion sur la difficulté d’aimer aujourd’hui comme hier.","Zeina Abirached, Mathias Énard",Liban et France,,https://www.goodreads.com/book/show/40890177-prendre-refuge
CAN,Canada,,Montréal,2017,Mémoire d'encrier,Écorchées Vivantes,"Dans ce livre bouleversant, neuf femmes se racontent. De nouvelles voix surgissent, puissantes. Elles surprennent à force d’audaces, rêvent d’un pays, d’un espace de citoyenneté et de liberté. Elles convoquent l’avenir en femmes qui osent prendre parole. Chair interdite, le sexe des femmes attise le désir autant que la haine, la convoitise autant que la peur. Neuf femmes haïtiennes, urbaines, contemporaines et jeunes tentent de dire les maux/mots tracés au scalpel dans le corps des femmes - Yanick Lahens. Nous sommes ensemble, Écorchées vivantes, nues ; nous léchons, debout, nos blessures. Saleté, petitesse, actes manqués, drames faciles, bourreaux oubliés, rapports de corps et d’oppression, prostitution déclarée, attentat sur nos chairs et nos esprits jusqu’à voir en nous rien que des objets de désir - Martine Fidèle.","Sachernka Anacassis, Stéphanie Balmir, Edna Blaise, Martine Fidèle, Kermonde Lovely Fifi, Farah Angela Jean, Rébecca Odéna, Meggie Petit-Maître, Nedjmhartine Vincent",Haïti,,http://memoiredencrier.com/ecorchees-vivantes-martine-fidele/
CAN,Canada,,Montréal,1980,La Pleine lune,Tryptique Lesbien,"Jovette Marchessault's Lesbian Triptych is an anthology of three stories - ""Night Cows,"" ""A Lesbian Chronicle from Medieval Quebec"" and ""The Angel Makers"" - evoking the best of the new wave of feminist writing in Quebec. Sensuous and fabulous language turn conventional images of women inside out; Marchessault challenges us to remake our patterns of language in a way that explodes the stereotypes of the past and ecstatically explores the contours of a feminist vision for the future. Anglophone readers will find a new magic, new revelations, a new name of women's experience in the work of this Quebecoise word-spinner.",Jovette Marchessault,Canada,,https://www.goodreads.com/book/show/2862357-tryptique-lesbien
FRA,France,,Paris,1990,Éditions de Fallois,Les Amies d'Héloïse,"En 1964, Claire et Héloïse achèvent leurs études secondaires. Leur amitié ne s'interrompt pas pour autant, et leurs lettres vont nous rendre témoins de leur vie. A Vienne, Héloïse rencontre Erika, qui lui révèle l'amour homosexuel. Bientôt d'autres femmes, jeunes ou moins jeunes, sages épouses ou amazones, apparaissent dans ce livre à plusieurs voix. Si l'amour entre femmes, évoqué librement et simplement avec ses joies, ses drames, ses plaisirs, est le thème dominant de ces pages, c'est aussi le roman de l'amitié, des passions, de la liberté, de la vie comme elle va. Et du monde qui change, de la décolonisation aux lendemains de Mai 68. Une chronique impertinente et brillante, pleine de personnages singulièrement attachants, couronnée en 1990 par le prix Goncourt du Premier Roman.",Hélène de Monferrand,Née en France et d'ascendance algérienne,,https://www.goodreads.com/book/show/2759252-les-amies-d-h-lo-se
FRA,France,,Paris,2017,Flammarion,Peggy dans les phares,"«Depuis que je te connais je vis avec l’inquiétude de te perdre. Pour la drogue, des hommes fantasques, des femmes bouleversantes qui t’emmènent ailleurs, là où je n’ai pas accès. Il y a les rivages poétiques qui ne m’ont jamais enchantée, les bals somptueux où je n’ai pas mes entrées, la rivalité vénéneuse d’un papier imbibé sous la langue et la complicité des piqûres que je n’ai jamais voulu partager. Je suis toujours arrivée à me frayer un chemin jusqu’à toi, conservant comme je le peux une dignité impériale.» Mannequin, styliste, journaliste de mode, mariée à un grand résistant puis à Claude Brasseur, Peggy Roche a aussi été pendant vingt ans la compagne discrète de Françoise Sagan. Peggy dans les phares est le roman de cette passion dévorante traversée des plus grandes figures de la vie littéraire et artistique de l’époque.",Marie-Ève Lacasse,Canada,,https://www.goodreads.com/book/show/33822974-peggy-dans-les-phares
HTI,Haïti,,Port-au- Prince,2013,C3 Éditions,Double corps,"Leila est invitée chez un couple d’amis mariés depuis bientôt trois ans, et qui rêvent d’une « ribambelle d’enfants ». Du moins l’homme. Son épouse, elle, étouffe dans cette relation trop lisse. L’arrivée de Leila vient bousculer la vie si confortable de Samuel et Landie. Le premier lui propose de l’entraîner dans son lit, en guise d’agrément de l’ordinaire. La jeune femme lui répond, avec aplomb : « Je t’aime, Samuel. Mais c’est de ta femme que je veux. » Leila n’avait pourtant jamais vécu d’amour homosexuel avant la rencontre avec Landie. Avec Double Corps, Martine Fidèle signe un premier roman dérangeant, sensuel, à l’écriture poétique, où la sexualité, la vie de couple, l’éducation des enfants sont abordées de front. Sans tabou.",Martine Fidèle,Haïti,,https://www.goodreads.com/book/show/36534852-double-corps
FRA,France,,Paris,2018,JC Lattès,Tous les hommes désirent naturellement savoir,"Tous les hommes désirent naturellement savoir est l’histoire des nuits de ma jeunesse, de ses errances, de ses alliances et de ses déchirements. C’est l’histoire de mon désir qui est devenu une identité et un combat. J’avais dix-huit ans. J’étais une flèche lancée vers sa cible, que nul ne pouvait faire dévier de sa trajectoire. J’avais la fièvre. Quatre fois par semaine, je me rendais au Kat, un club réservé aux femmes, rue du Vieux-Colombier. Deux cœurs battaient alors, le mien et celui des années quatre-vingt. Je cherchais l’amour. J’y ai appris la violence et la soumission. Cette violence me reliait au pays de mon enfance et de mon adolescence, l’Algérie, ainsi qu’à sa poésie, à sa nature, sauvage, vierge, brutale. Ce livre est l’espace, sans limite, de ces deux territoires.",Nina Bouraoui,Née en France et d'ascendance algérienne,,https://www.editions-jclattes.fr/livre/tous-les-hommes-desirent-naturellement-savoir-9782709660686/
FRA,France,,Paris,2021,JC Lattès,Satisfaction,"« Je pense souvent à ce qu’il restera, à ce qu’Erwan gardera de moi, de son enfance, j’aimerais saisir, révéler ses sensations sur la pellicule photographique, graver nos instants, craignant que l’amour ne disparaisse avec les souvenirs, graver l’odeur du jasmin quand nous nous approchons de notre maison, odeur de la stabilité du lieu intérieur malgré les désordres de mon cœur, contre la violence extérieure, réelle ou imaginaire, de la mer, des hommes. »À travers la voix incandescente de Madame Akli, Nina Bouraoui nous offre un roman brûlant, sensuel et poétique qui réunit toutes ses obsessions littéraires : l’enfance qui s’achève, l’amour qui s’égare, le désir qui fait perdre la raison. Un roman envoûtant, brûlant, sensuel et poétique qui réunit toutes les obsessions littéraires de Nina Bouraoui : l’enfance qui s’achève, l’amour qui s’égare, le désir qui fait perdre la raison.",Nina Bouraoui,Née en France et d'ascendance algérienne,,https://www.editions-jclattes.fr/livre/satisfaction-9782709667029/
FRA,France,,Paris,2007,Gallimard,Mes mauvaises pensées,"«Avez-vous des grains de beauté? Des cheveux blancs que vous teignez? Pratiquez-vous un sport? Prenez-vous des coups de soleil? Faites-vous l'amour la veille ou le matin de nos séances? En gardez-vous une trace? Est-ce que je suis jalouse? Avez-vous eu des relations sexuelles avec une autre femme? Avez-vous peur de la nuit? De l'amour? Comment se prénomment vos enfants? Êtes-vous une mère douce? Combien de baisers par jour? Quels sont vos mots sur moi? Quel est mon dossier? Me trouvez-vous jolie? Intelligente? Perdue? Avez-vous fixé ma voix sur une bande magnétique? Dois-je vous avouer qu'il m'arrive de rêver de vous?» Dans un style ample et fluide, Nina Bouraoui restitue cette parole propre à la thérapie, cet abandon qui reste tenu, contrôlé, dans une frénésie de vitesse, et révèle la géographie intime, physique et amoureuse d'une «déracinée». Un «roman-confession» d'une grande maîtrise.",Nina Bouraoui,Née en France et d'ascendance algérienne,,https://www.gallimard.fr/Catalogue/GALLIMARD/Folio/Folio/Mes-mauvaises-pensees#
FRA,France,,Paris,2021,Le Livre de Poche,La Petite Dernière,"« Je m'appelle Fatima Daas. Je suis la mazoziya, la dernière. Celle à laquelle on ne s'est pas préparé. Française d'origine algérienne. Je suis musulmane. Une Clichoise qui passe plus de trois heures par jour dans les transports. Cette banlieusarde qui observe les comportements parisiens. Je suis une menteuse, une pécheresse. Adolescente, je suis une élève instable. Adulte, je suis hyperinadaptée. J'écris des histoires pour éviter de vivre la mienne. L'amour, c'était tabou à la maison, la sexualité aussi. Lorsque Nina a débarqué dans ma vie, je ne savais plus du tout ce dont j'avais besoin et ce qu'il me manquait. »",Fatima Daas,Née en France et d'ascendance algérienne,,https://www.livredepoche.com/livre/la-petite-derniere-9782253080084
CAN,Canada,,Montréal,2007,Gallimard,Indian tango,"Avril 2004, New Delhi. L'Inde est en pleine campagne électorale. Sonia Gandhi - l'Italienne, l'étrangère - deviendra-t-elle le prochain Premier ministre ? Mais pour Subhadra, 52 ans, grande, plutôt ronde, une femme ordinaire, la préoccupation est autre : ira-t-elle à ce pèlerinage de renoncement des femmes ménopausées que lui propose sa belle-mère pour marquer la fin de sa féminité ? Ou cédera-t-elle au contraire à la mystérieuse séduction de l'autre qui la suit depuis un mois dans les rues de Delhi ? Un étrange pas de deux, chassé-croisé amoureux qui lui offre une chose que personne ne lui a jamais offerte : son propre corps.",Ananda Devi,Maurice,,https://www.gallimardmontreal.com/catalogue/livre/indian-tango-devi-ananda-9782070785254
FRA,France,,Paris,2011,Gallimard,Le sari vert,"« Celui qu’on dit monstre est l’expression la plus achevée de l’espèce. Celui que l’on dit monstre est terrifiant de beauté plutôt que d’être terrifiant tout court parce qu’il décèle avec une finesse inhumaine les failles des autres et les élargit et les aggrave, et il devient ainsi cet idéal de sombre masculinité que les mythologies prêtent aux dieux et aux démons. Quelle merveilleuse sensation que de plier une créature à sa volonté ! » Dans une maison sur l'île Maurice, un vieux médecin à l'agonie est veillé par sa fille et par sa petite-fille. Entre elles et lui se tisse un dialogue d'une violence extrême, où affleurent progressivement des éléments du passé, des souvenirs, des reproches, et surtout la figure mystérieuse de la mère de Kitty, l'épouse du « Dokter-Dieu », qui a disparu dans des circonstances terribles. Elles ne le laisseront pas partir en paix.",Ananda Devi,Maurice,,https://www.gallimard.fr/Catalogue/GALLIMARD/Folio/Folio/Le-sari-vert
FRA,France,,Paris,2006,Gallimard,Ève de ses décombres,"«Je suis Sadiq. Tout le monde m'appelle Sad. Entre tristesse et cruauté, la ligne est mince. Ève est ma raison, mais elle prétend ne pas le savoir. Quand elle me croise, son regard me traverse sans s'arrêter. Je disparais. Je suis dans un lieu gris. Ou plutôt brun jaunâtre, qui mérite bien son nom : Troumaron. Troumaron, c'est une sorte d'entonnoir ; le dernier goulet où viennent se déverser les eaux usées de tout un pays. Ici, on recase les réfugiés des cyclones, ceux qui n'ont pas trouvé à se loger après une tempête tropicale et qui, deux ou cinq ou dix ou vingt ans après, ont toujours les orteils à l'eau et les yeux pâles de pluie.» Par Sad, Ève, Savita, Clélio, ces ados aux destins cabossés pris au piège d'un crime odieux, et grâce à son écriture à la violence contenue au service d'un suspense tout de finesse, Ananda Devi nous dit l'autre île Maurice du XXIe siècle, celle que n'ignorent pas seulement les dépliants touristiques.",Ananda Devi,Maurice,,https://www.gallimard.fr/Catalogue/GALLIMARD/Blanche/Eve-de-ses-decombres
BEL,Belgique,,Bruxelles,2021,L'Arbre de Diane,Caillasses,"Caillasses, c’est un Big Bang existentiel, une poésie à la criée, un battement de cœur. Avec son premier recueil de poèmes, Joëlle Sambi tisse une étoffe. Elle assure la protection des vivant.e.s et le passage des mots. Une plume affilée, aussi profonde et pleine que la forêt équatoriale. Tel un manifeste poético-politique, elle y déploie les cicatrices d’un corps-âme mâtiné de violences raciales, sexistes et homophobes. Sa langue se pare de mille éclairs afin de partager les raisins mûrs de la colère.",Joélle Sambi,Née en Belgique et enfance en République Démocratique du Congo,,https://larbre-de-diane.myshopify.com/collections/frontpage/products/caillasses
FRA,France,,Paris,1991,Éditions de Fallois,Jounal de Souzanne,"Elles avaient bien du charme, ces «amies d’Héloïse» qui valurent à Hélène de Monferrand le prix Goncourt du Premier Roman. Dans les lettres qu’elles s’écrivaient, toute leur vie passait. Et leur époque. Leurs amours «différentes» – dont elles parlaient sans baisser la voix ni les yeux– n’étaient plus avec elles un défi, une étrangeté, une anomalie, un cas, elles étaient l’amour même. L’amour, cette évidence. L’une d’elles, Suzanne, se donnait la mort au milieu du roman. C’est à elle que la romancière donne ici la parole. Du jour où elle se sait condamnée, Suzanne décide de tenir son journal et de rédiger ses souvenirs: pour Héloïse, la femme qu’elle a probablement le plus aimée, et pour elle-même. Avec une rare lucidité et sans complaisance, elle déroule le film d’une existence pendant laquelle elle a connu le désespoir, frôlé la mort, mais aussi donné et reçu beaucoup d’amour, passionnément aimé la vie et les plaisirs des sens.",Hélène de Monferrand,Née en France et d'ascendance algérienne,,https://www.babelio.com/livres/Monferrand-Journal-de-Suzanne/34297
CAN,Canada,,Laval,1997,Double Interligne,Les Enfants d'Héloïse,"Elles avaient bien du charme ces « amies d’Héloïse » auxquelles le public fit un si grand accueil, et qui valurent à Hélène de Monferrand le prix Goncourt du premier roman. Jamais encore on n’avait parlé avec une telle liberté de ton de ces amours qui, pour singulières qu’elles paraissent, obéissent aux lois de toutes les amours. La très jeune Héloïse y faisait son éducation sentimentale, semant sur son passage des drames dont elle n’était pas toujours responsable ; toutefois c’est Erika, sa première amante, qui faisait l’apprentissage le plus grand et voyait sa persévérance récompensée contre toute attente. Héloïse et ses amies ont grandi. Leurs enfants aussi et c’est autour d’eux que la vie d’Erika et d’Héloïse s’est organisée. A ces enfants, quand ils sont si jeunes, convient-il de tout dire sur la vie privée de leur mère et les drames qu’elle a traversés avant de revivre avec Erika ? Mais si l’on attend qu’ils grandissent ne sera-t-il pas trop tard ? C’est à ces problèmes que se heurtent les deux femmes, et bien entendu elles les résoudront comme elles pourront, avec les surprises que réserve toujours la vie, même la mieux programmée.",Hélène de Monferrand,Née en France et d'ascendance algérienne,,https://www.babelio.com/livres/Monferrand-Les-Enfants-dHeloise/110254
FRA,France,,Paris,1998,Double Interligne,L'habit ne fait pas la nonne,"Une jeune femmes est assassiné dans une boite lesbienne de Paris. La police mène l’enquête... S’appuyant sur une bonne intrigue, ce court roman policier se déroule presque exclusivement dans le milieu lesbien. On se laisse prendre au jeu des déductions des héroïnes, et on termine le livre avec l’impression d’avoir passé un bon moment de lecture. A déconseiller aux amatrices de grande littérature, mais parfait pour les femmes débordées.","Élula Perrin, Hélène de Monferrand","Vietnam et France, d'ascendance algérienne",,https://www.goodreads.com/book/show/13451248-l-habit-ne-fait-pas-la-nonne
FRA,France,,Paris,2005,Éditions Harmattan,Chuchote pas trop,"""Les jeunes filles de Fulani sont enfermées ainsi, parfois pendant des années, dans l'obscurité, jusqu'à leur mariage imposé."" A travers des portraits de femmes aux destins rebelles, de conflits de cultures, Frieda Ekotto bouscule les préjugés pour nous proposer une autre vision des rapports humains. Riche de son écriture composite, éclaté, ce récit échappe ainsi aux formes traditionnelles de la narration. Le roman est consacré à une histoire d'amour entre deux femmes, Siliki et Ada. L'histoire raconte leur amour et leur intimité à travers l'écriture comme un mode commun de communication, l'ostracisme de la communauté, et leur isolement qui devient finalement une aventure salvatrice",Frieda Ekotto,Cameroun,,https://www.editions-harmattan.fr/livre-chuchote_pas_trop_frieda_ekotto-9782747589901-19965.html
FRA,France,,Paris,2010,Éditions Harmattan,Portrait d’une jeune artiste de Bona Mbella,"Chantou, une jeune adolescente raconte à travers différents récits sa vie dans le quat, partie misérable de la ville de Bona Mbella. Elle exploite chaque son, chaque palpitation, chaque émotion, qui la pousse inéluctablement vers le point épineux de son désir de raconter l'amour pour la femme qu'elle aime.",Frieda Ekotto,Cameroun,,https://www.editions-harmattan.fr/livre-portrait_d_une_jeune_artiste_de_bona_mbella_frieda_ekotto-9782296114029-30731.html
FRA,France,,Paris,2017,Éditions Présence Africaine,9 histoires lumineuses où le bien est le mal,"Voici neuf histoires qui ont toutes en commun de nous confronter à l’horreur, à des degrés différents, dans des domaines variés. Cinq d’entre elles nous plongent dans la violence brutale. Les autres nouvelles nous confrontent aux ravages du racisme social. Toutes ces nouvelles mettent en scène ou en lumière des sujets dérangeants, révélant différentes formes de barbarie sociale qui s’exercent impunément, sur des enfants, des faibles sans protection ou des représentants d’une sexualité rejetée. Le ton dose savamment humour noir et fausse légèreté.",Jo Gústin,Cameroun,,"https://www.babelio.com/livres/Gustin-9-histoires-lumineuses-ou-le-bien-est-le-mal/1012742#:~:text=« 9 histoires lumineuses%2C où le,lumineux dans ces 9 récits"
FRA,France,,Paris,1989,Éditions Harmattan,Fureurs et cris de femmes,"Depuis une dizaine d'années, Emilienne cherche, par tous les moyens, à donner à Joseph, son époux, le fils qu'il désire. Un jour, leur fille unique âgée de douze ans meurt. Meurtrie, Emilienne s'accroche avec une obstination humiliante à un époux très fortement influencé par une mère qui souhaite le voir divorcer et l'incite à vivre avec sa maîtresse. Immensément désespérée, Emilienne se réfugie dans une boulimie et une ivrognerie suicidaires. Entre une visite médicale et des séances de magnétisme, elle échoue, lamentable, dans les bras de sa secrétaire. Elle entretiendra, avec elle, une liaison amoureuse confuse et pleine de risques. Le récit que voici se déroule dans un climat ponctué de doutes déroutants, d'incertitudes dangereuses et de complots qui ébranlent les quatre personnages principaux. D'un bout à l'autre du roman, Emilienne se livre à des monologues poignants, échos et reflets des rapports qui secouent et écartèlent un couple mutilé par l'absence d'enfants, par l'influence négative de la belle-mère et par l'ombre menaçante de la rivale d'Emilienne.",Angèle Rawiri,Gabon,,https://livre.fnac.com/a1086298/A-Rawiri-Fureurs-et-cris-de-femme
CAN,Canada,,Montréal,2000,Robert Laffont,Célanire cou-coupé,"Il y a cinq ans, à la Guadeloupe, un bébé a été trouvé, la gorge tranchée, sur un tas d’ordures. Il a survécu à ses blessures. La lecture de ce fait divers abominable a touché profondément Maryse Condé. Une telle mutilation subie quand on est un bébé marque une vie d’une manière monstrueuse. Comment peut-on survivre en portant à son cou une cicatrice aussi horrible ? Pour répondre à cette question, Maryse Condé a créé l’étonnant personnage de Célanire Pinceau, dite » Célanire cou-coupé » et a replacé ce drame dans le contexte du début du siècle et de la colonisation. La blessure abominable devenant le symbole du crime commis contre les populations indigènes et la révolte de son héroïne celle de tous les révoltés.Une nouvelle fois, avec la force et la cruauté qui hantent son oeuvre, Maryse Condé met en scène le supplice des peuples opprimés, et plus particulièrement celui des femmes martyrisées. Dans ce roman » endiablé » où les vivants et les morts se mêlent parfois amoureusement, Maryse Condé trace à l’encre rouge sang le destin de Célanire Pinceau, bébé sacrifié à sa naissance sur l’autel de la réussite politique d’un Blanc et qui n’aura assez de toute sa vie pour se venger du crime dont elle a été la victime.",Maryse Condé,Guadeloupe,,https://laffont.ca/livre/celanire-cou-coupe-9782221086292/
FRA,France,,Paris,1985,La Cerisaie,Mousson de femmes,"Récit d'un amour passionné entre deux femmes en Indochine pendant la Seconde Guerre mondiale. E. Perrin, née à Hanoi en 1929, témoigne de la terreur et des tueries perpétrées en Indochine entre 1945 et 1946.",Élula Perrin,Vietnam,,https://books.google.com.br/books/about/Mousson_de_femmes.html?id=77WOAAAACAAJ&redir_esc=y
FRA,France,,Paris,2004,La Cerisaie,"Un amour, deux femmes","Eva dirige une boîte de nuit a 68 ans, et savoure sa retraite sentimentale auprès de Martine. Marie est photographe a 24 ans, et est incapable d'accepter l'amour. Au cours d'une exposition photos, Marie est facinée par le portrait d'Eva... et en tombe amoureuse. Elle la veut, elle l'aura, c'est décidé. Mais alors que cette passion naissante insuffle un nouvel élan à sa vie amoureuse, Eva découvre qu'elle est atteinte d'un cancer du sein... Émotions croisées d'une histoire qui les transformera…",Élula Perrin,Vietnam,,https://livre.fnac.com/a1559254/Elula-Perrin-Un-amour-deux-femmes
FRA,France,,Paris,2002,La Cerisaie,Les femmes préfèrent les femmes,"En avril 1977, pour la première fois, une lesbienne s'exprimait en toute liberté, racontant sa vie pittoresque, ses amours tumultueuses, et affirmant haut et fort une homosexualité triomphante. Ce fut un immense succès traduit dans le monde entier. Vingt-cinq ans plus tard, Élula Perrin, prenant du recul, ponctue le texte original de nombreux commentaires et nous livre la suite de ses amours.",Élula Perrin,Vietnam,,https://livre.fnac.com/a1379298/Elula-Perrin-Les-femmes-preferent-les-femmes
FRA,France,,Paris,2006,Actes Sud,Lignes de faille,"Entre un jeune Californien du XXIe siècle et une fillette allemande des années 1940, rien de commun si ce n’est le sang. Pourtant, de l’arrière-grand-mère au petit garçon, chaque génération subit les séismes politiques ou intimes déclenchés par la génération précédente. Porté par la parole d’enfants victimes d’événements qui les dépassent et de choix qui leur échappent – qui les marqueront pourtant toute leur vie –, ce roman se construit à rebours, de fils en père et de fille en mère, comme on suit en remontant le fil de sa mémoire. Quel que soit le dieu vers lequel on se tourne, quelle que soit l’époque où l’on vit, l’homme a toujours le dernier mot, et avec lui la barbarie. C’est contre elle pourtant que s’élève ce roman éblouissant où, avec amour, avec rage, Nancy Huston célèbre la mémoire, la fidélité, la résistance et la musique comme alternatives au mensonge.",Nancy Huston,Canada,,https://www.actes-sud.fr/catalogue/litterature/lignes-de-faille